Account_ID,Customer_ID,Account_Type,Open_Date,Balance
5000,1335,Savings,1/1/2019,149051.01
5001,1167,Credit,1/2/2019,7680.38
5002,1091,Current,1/3/2019,53433.37
5003,1352,Credit,1/4/2019,46809.26
5004,1570,Savings,1/5/2019,57807.23
5005,1570,Credit,1/6/2019,53274.16
5006,1680,Savings,1/7/2019,17192.63
5007,1780,Credit,1/8/2019,94493.4
5008,1362,Savings,1/9/2019,147883.03
5009,1556,Savings,1/10/2019,123312.69
5010,1344,Current,1/11/2019,136209.98
5011,1692,Savings,1/12/2019,20824.09
5012,1169,Current,1/13/2019,190540.69
5013,1355,Current,1/14/2019,168505.91
5014,1190,Current,1/15/2019,161992.61
5015,1666,Credit,1/16/2019,165481.84
5016,1421,Credit,1/17/2019,186878.55
5017,1699,Credit,1/18/2019,111129.52
5018,1006,Credit,1/19/2019,44054.99
5019,1132,Savings,1/20/2019,125272.8
5020,1746,Savings,1/21/2019,149861.89
5021,1556,Credit,1/22/2019,148893.89
5022,1760,Savings,1/23/2019,106682.56
5023,1030,Savings,1/24/2019,18349.45
5024,1534,Current,1/25/2019,77367.02
5025,1425,Current,1/26/2019,184549.49
5026,1393,Current,1/27/2019,118967.54
5027,1671,Current,1/28/2019,109974.73
5028,1362,Savings,1/29/2019,57426.44
5029,1436,Credit,1/30/2019,76847.54
5030,1669,Savings,1/31/2019,179592.49
5031,1550,Savings,2/1/2019,134960.29
5032,1081,Savings,2/2/2019,158540.47
5033,1355,Current,2/3/2019,93597.36
5034,1257,Current,2/4/2019,127898.21
5035,1717,Current,2/5/2019,53434.8
5036,1588,Credit,2/6/2019,142564.86
5037,1523,Savings,2/7/2019,88382.26
5038,1294,Credit,2/8/2019,91296.38
5039,1223,Current,2/9/2019,131617.85
5040,1524,Credit,2/10/2019,187574.72
5041,1045,Savings,2/11/2019,17481.24
5042,1666,Savings,2/12/2019,165824.93
5043,1112,Current,2/13/2019,62014.71
5044,1232,Current,2/14/2019,91564.29
5045,1016,Credit,2/15/2019,9273.1
5046,1359,Current,2/16/2019,63703.99
5047,1222,Current,2/17/2019,103013.09
5048,1699,Savings,2/18/2019,15954.34
5049,1447,Current,2/19/2019,100763.67
5050,1364,Current,2/20/2019,185786.57
5051,1674,Savings,2/21/2019,25551.68
5052,1325,Savings,2/22/2019,154065.94
5053,1466,Credit,2/23/2019,84885.86
5054,1413,Current,2/24/2019,132758.87
5055,1454,Savings,2/25/2019,55746.14
5056,1585,Credit,2/26/2019,36100.99
5057,1232,Credit,2/27/2019,36290.21
5058,1223,Current,2/28/2019,18745.93
5059,1411,Current,3/1/2019,41201.11
5060,1571,Credit,3/2/2019,134522.78
5061,1334,Savings,3/3/2019,176929.67
5062,1221,Credit,3/4/2019,163754.51
5063,1036,Current,3/5/2019,138601.19
5064,1277,Savings,3/6/2019,26534.21
5065,1195,Savings,3/7/2019,61391.55
5066,1483,Credit,3/8/2019,65412.34
5067,1241,Current,3/9/2019,53741.6
5068,1323,Credit,3/10/2019,105426.1
5069,1730,Credit,3/11/2019,109432.99
5070,1191,Credit,3/12/2019,74592.77
5071,1016,Savings,3/13/2019,73988.89
5072,1523,Savings,3/14/2019,166568.34
5073,1400,Current,3/15/2019,158912.11
5074,1704,Current,3/16/2019,65020.19
5075,1021,Credit,3/17/2019,183188.75
5076,1473,Credit,3/18/2019,190798.93
5077,1119,Credit,3/19/2019,68714.8
5078,1209,Current,3/20/2019,74112.87
5079,1305,Savings,3/21/2019,103598.66
5080,1269,Savings,3/22/2019,188518.56
5081,1703,Credit,3/23/2019,175882.29
5082,1686,Credit,3/24/2019,25000.75
5083,1284,Credit,3/25/2019,81582.49
5084,1715,Credit,3/26/2019,112907.38
5085,1675,Current,3/27/2019,103110.83
5086,1762,Savings,3/28/2019,42803.3
5087,1226,Credit,3/29/2019,172469.27
5088,1380,Current,3/30/2019,137003.45
5089,1459,Credit,3/31/2019,168392.13
5090,1006,Credit,4/1/2019,172459.03
5091,1028,Savings,4/2/2019,150929.39
5092,1032,Credit,4/3/2019,90646.07
5093,1645,Savings,4/4/2019,124056.62
5094,1078,Savings,4/5/2019,36271.25
5095,1458,Savings,4/6/2019,136360.86
5096,1569,Current,4/7/2019,39954.38
5097,1537,Current,4/8/2019,140320.17
5098,1481,Savings,4/9/2019,49771.64
5099,1429,Credit,4/10/2019,27922.5
5100,1737,Savings,4/11/2019,37230.48
5101,1284,Credit,4/12/2019,5388.47
5102,1515,Savings,4/13/2019,145154.23
5103,1098,Credit,4/14/2019,147818.2
5104,1396,Current,4/15/2019,105412
5105,1488,Credit,4/16/2019,36465.75
5106,1038,Savings,4/17/2019,21293.1
5107,1270,Current,4/18/2019,8730.15
5108,1796,Credit,4/19/2019,37320.89
5109,1156,Credit,4/20/2019,178716.83
5110,1074,Credit,4/21/2019,52099.68
5111,1799,Credit,4/22/2019,74082.91
5112,1129,Credit,4/23/2019,25542.37
5113,1686,Current,4/24/2019,48360.45
5114,1083,Current,4/25/2019,106248.79
5115,1021,Current,4/26/2019,123511.77
5116,1458,Current,4/27/2019,52843.7
5117,1538,Savings,4/28/2019,16257.77
5118,1706,Current,4/29/2019,81251.41
5119,1381,Credit,4/30/2019,50669.66
5120,1747,Credit,5/1/2019,47813.02
5121,1439,Current,5/2/2019,192173.25
5122,1603,Credit,5/3/2019,125178.59
5123,1020,Current,5/4/2019,113591.3
5124,1302,Credit,5/5/2019,86076.15
5125,1083,Savings,5/6/2019,88644.15
5126,1773,Savings,5/7/2019,110476.48
5127,1658,Current,5/8/2019,140803.81
5128,1452,Current,5/9/2019,141918.49
5129,1386,Current,5/10/2019,38480.31
5130,1506,Credit,5/11/2019,102521.99
5131,1256,Current,5/12/2019,85331.83
5132,1569,Savings,5/13/2019,174752.76
5133,1526,Credit,5/14/2019,128126.69
5134,1161,Current,5/15/2019,108838.29
5135,1162,Credit,5/16/2019,27501.96
5136,1792,Credit,5/17/2019,123099.39
5137,1791,Current,5/18/2019,27854.76
5138,1523,Credit,5/19/2019,70755.28
5139,1785,Savings,5/20/2019,32854.18
5140,1270,Savings,5/21/2019,139954.36
5141,1491,Credit,5/22/2019,45219.16
5142,1207,Current,5/23/2019,81412.58
5143,1538,Credit,5/24/2019,179656.58
5144,1583,Savings,5/25/2019,44841.69
5145,1059,Credit,5/26/2019,104021.99
5146,1429,Credit,5/27/2019,86757.97
5147,1656,Savings,5/28/2019,8534.19
5148,1604,Credit,5/29/2019,159587.83
5149,1308,Credit,5/30/2019,18463.95
5150,1519,Current,5/31/2019,97479.73
5151,1590,Current,6/1/2019,114332.27
5152,1026,Savings,6/2/2019,127543.16
5153,1685,Savings,6/3/2019,139283.17
5154,1561,Savings,6/4/2019,54388.11
5155,1198,Current,6/5/2019,6945.86
5156,1386,Savings,6/6/2019,146071.51
5157,1348,Savings,6/7/2019,109453.04
5158,1692,Savings,6/8/2019,168042.95
5159,1535,Current,6/9/2019,165170.73
5160,1377,Credit,6/10/2019,169448.6
5161,1557,Savings,6/11/2019,99593.46
5162,1526,Credit,6/12/2019,70057.54
5163,1152,Savings,6/13/2019,159353.85
5164,1733,Credit,6/14/2019,93002.35
5165,1205,Current,6/15/2019,40771.23
5166,1454,Current,6/16/2019,171719.93
5167,1272,Savings,6/17/2019,177099.18
5168,1235,Credit,6/18/2019,95930.4
5169,1739,Current,6/19/2019,19761.45
5170,1520,Savings,6/20/2019,80626.09
5171,1677,Savings,6/21/2019,161689.84
5172,1725,Current,6/22/2019,180845.94
5173,1500,Current,6/23/2019,44677.18
5174,1116,Savings,6/24/2019,18059.85
5175,1385,Credit,6/25/2019,176083.34
5176,1343,Credit,6/26/2019,80933.96
5177,1583,Credit,6/27/2019,110643.39
5178,1394,Savings,6/28/2019,193772.83
5179,1063,Current,6/29/2019,17980.12
5180,1716,Savings,6/30/2019,131422.01
5181,1720,Current,7/1/2019,19450.56
5182,1071,Credit,7/2/2019,78216.44
5183,1788,Credit,7/3/2019,161743.84
5184,1273,Current,7/4/2019,89527.09
5185,1319,Current,7/5/2019,199450.56
5186,1337,Savings,7/6/2019,114016.56
5187,1365,Credit,7/7/2019,67626.62
5188,1494,Savings,7/8/2019,47921.71
5189,1606,Savings,7/9/2019,73351.5
5190,1165,Savings,7/10/2019,77643.99
5191,1543,Credit,7/11/2019,18399.17
5192,1010,Savings,7/12/2019,77066.97
5193,1300,Savings,7/13/2019,95526.51
5194,1728,Savings,7/14/2019,145933.86
5195,1101,Savings,7/15/2019,133062.25
5196,1424,Savings,7/16/2019,143209.3
5197,1391,Savings,7/17/2019,6630.92
5198,1778,Credit,7/18/2019,47445.14
5199,1213,Savings,7/19/2019,134028.44
5200,1690,Current,7/20/2019,99377.93
5201,1087,Savings,7/21/2019,6036.13
5202,1552,Savings,7/22/2019,161876.46
5203,1400,Credit,7/23/2019,155697.87
5204,1587,Credit,7/24/2019,111941.74
5205,1045,Current,7/25/2019,17960.35
5206,1671,Current,7/26/2019,154470.43
5207,1462,Credit,7/27/2019,118824.15
5208,1591,Credit,7/28/2019,157482.2
5209,1309,Savings,7/29/2019,151590.66
5210,1085,Credit,7/30/2019,161585.4
5211,1091,Current,7/31/2019,106011.57
5212,1659,Savings,8/1/2019,32363.28
5213,1672,Current,8/2/2019,135875.71
5214,1713,Savings,8/3/2019,125992.39
5215,1241,Credit,8/4/2019,149739.37
5216,1001,Current,8/5/2019,38126.8
5217,1224,Savings,8/6/2019,43020.16
5218,1744,Savings,8/7/2019,178629.86
5219,1588,Credit,8/8/2019,151245.67
5220,1115,Credit,8/9/2019,182104.56
5221,1665,Credit,8/10/2019,152949.49
5222,1102,Current,8/11/2019,121445.28
5223,1193,Savings,8/12/2019,132555.88
5224,1165,Credit,8/13/2019,178379.95
5225,1089,Current,8/14/2019,117867.32
5226,1685,Current,8/15/2019,128316.31
5227,1121,Current,8/16/2019,35512.96
5228,1142,Credit,8/17/2019,97414.64
5229,1105,Credit,8/18/2019,144697.44
5230,1427,Savings,8/19/2019,57833.83
5231,1304,Savings,8/20/2019,44439.57
5232,1316,Credit,8/21/2019,66196.23
5233,1634,Current,8/22/2019,52092.62
5234,1008,Current,8/23/2019,46907.96
5235,1773,Current,8/24/2019,87845.91
5236,1072,Savings,8/25/2019,182028.51
5237,1358,Current,8/26/2019,103876.63
5238,1222,Savings,8/27/2019,41644.47
5239,1415,Savings,8/28/2019,20009.48
5240,1552,Current,8/29/2019,140750.45
5241,1369,Current,8/30/2019,79645.76
5242,1715,Credit,8/31/2019,165257.03
5243,1263,Credit,9/1/2019,133604.6
5244,1689,Current,9/2/2019,160267.08
5245,1317,Savings,9/3/2019,58029.48
5246,1083,Savings,9/4/2019,140009.99
5247,1317,Savings,9/5/2019,56492.09
5248,1110,Savings,9/6/2019,188118.35
5249,1250,Savings,9/7/2019,129092.98
5250,1382,Credit,9/8/2019,68279.8
5251,1006,Current,9/9/2019,57554.81
5252,1458,Credit,9/10/2019,42230.68
5253,1083,Savings,9/11/2019,140454.99
5254,1207,Savings,9/12/2019,47649.54
5255,1389,Savings,9/13/2019,121084.14
5256,1313,Savings,9/14/2019,56603.83
5257,1021,Current,9/15/2019,134083.94
5258,1409,Savings,9/16/2019,163913.25
5259,1514,Current,9/17/2019,156714.92
5260,1126,Savings,9/18/2019,153366.01
5261,1699,Current,9/19/2019,41605.87
5262,1013,Credit,9/20/2019,22235.06
5263,1011,Savings,9/21/2019,141295.02
5264,1086,Current,9/22/2019,76827.71
5265,1523,Credit,9/23/2019,89307.51
5266,1536,Savings,9/24/2019,11074.07
5267,1300,Savings,9/25/2019,55617.41
5268,1242,Savings,9/26/2019,11566.9
5269,1121,Current,9/27/2019,176441.23
5270,1146,Current,9/28/2019,52462.35
5271,1566,Credit,9/29/2019,113680.75
5272,1749,Current,9/30/2019,12600.97
5273,1355,Current,10/1/2019,135035.24
5274,1684,Savings,10/2/2019,67990.33
5275,1732,Savings,10/3/2019,180094.24
5276,1630,Savings,10/4/2019,178183.05
5277,1308,Savings,10/5/2019,68431.67
5278,1694,Savings,10/6/2019,180687.37
5279,1287,Savings,10/7/2019,199250.75
5280,1306,Savings,10/8/2019,165956.05
5281,1593,Credit,10/9/2019,169749.91
5282,1722,Credit,10/10/2019,53556.7
5283,1661,Credit,10/11/2019,117456.97
5284,1548,Credit,10/12/2019,18114.9
5285,1351,Savings,10/13/2019,23509
5286,1311,Credit,10/14/2019,199784.06
5287,1058,Savings,10/15/2019,68694.65
5288,1642,Credit,10/16/2019,150895.86
5289,1713,Current,10/17/2019,162299.69
5290,1754,Credit,10/18/2019,172314.54
5291,1034,Credit,10/19/2019,199537.52
5292,1444,Savings,10/20/2019,52091.81
5293,1092,Credit,10/21/2019,12868.41
5294,1206,Current,10/22/2019,85182.35
5295,1352,Savings,10/23/2019,30365.73
5296,1331,Savings,10/24/2019,9373.05
5297,1724,Credit,10/25/2019,75283.23
5298,1158,Savings,10/26/2019,157828.96
5299,1023,Savings,10/27/2019,115405.23
5300,1403,Savings,10/28/2019,65991.71
5301,1515,Savings,10/29/2019,132596.69
5302,1731,Savings,10/30/2019,50243.55
5303,1363,Savings,10/31/2019,7804.38
5304,1381,Current,11/1/2019,154048.91
5305,1531,Credit,11/2/2019,126629.9
5306,1151,Current,11/3/2019,153649.01
5307,1561,Savings,11/4/2019,12592.91
5308,1688,Savings,11/5/2019,168238.33
5309,1607,Credit,11/6/2019,125807.61
5310,1616,Current,11/7/2019,114862.09
5311,1419,Credit,11/8/2019,126799.74
5312,1249,Current,11/9/2019,173564.48
5313,1116,Savings,11/10/2019,119452.62
5314,1511,Credit,11/11/2019,118285.32
5315,1739,Credit,11/12/2019,198182.44
5316,1577,Savings,11/13/2019,152562.38
5317,1334,Credit,11/14/2019,91247.29
5318,1417,Current,11/15/2019,142942.42
5319,1773,Current,11/16/2019,80899.94
5320,1294,Current,11/17/2019,49630.72
5321,1754,Current,11/18/2019,121386.12
5322,1370,Savings,11/19/2019,185995.51
5323,1185,Credit,11/20/2019,186182.21
5324,1245,Current,11/21/2019,71671.53
5325,1636,Savings,11/22/2019,107897.11
5326,1267,Credit,11/23/2019,46269
5327,1642,Credit,11/24/2019,199148.07
5328,1236,Savings,11/25/2019,196317.99
5329,1529,Savings,11/26/2019,131654.24
5330,1551,Current,11/27/2019,161860.74
5331,1020,Credit,11/28/2019,144444.53
5332,1736,Credit,11/29/2019,120665.85
5333,1793,Savings,11/30/2019,15402.86
5334,1519,Credit,12/1/2019,93679.05
5335,1099,Current,12/2/2019,136583.33
5336,1751,Credit,12/3/2019,137118.66
5337,1477,Savings,12/4/2019,77758.91
5338,1598,Savings,12/5/2019,188629.94
5339,1297,Current,12/6/2019,37634.62
5340,1525,Current,12/7/2019,102570.09
5341,1333,Credit,12/8/2019,139722.38
5342,1001,Credit,12/9/2019,140941.48
5343,1374,Savings,12/10/2019,131484.6
5344,1292,Current,12/11/2019,58681.2
5345,1552,Current,12/12/2019,35460.28
5346,1317,Current,12/13/2019,129008.36
5347,1501,Credit,12/14/2019,121863.91
5348,1380,Current,12/15/2019,39974.42
5349,1622,Savings,12/16/2019,142502.13
5350,1013,Savings,12/17/2019,93758.54
5351,1503,Credit,12/18/2019,135213.32
5352,1230,Credit,12/19/2019,168286.58
5353,1083,Current,12/20/2019,38097.04
5354,1129,Credit,12/21/2019,8733.25
5355,1742,Savings,12/22/2019,156925
5356,1144,Current,12/23/2019,123891
5357,1027,Savings,12/24/2019,141429.72
5358,1065,Current,12/25/2019,168440.22
5359,1162,Credit,12/26/2019,161548.13
5360,1228,Current,12/27/2019,192379.43
5361,1260,Current,12/28/2019,109507.34
5362,1448,Savings,12/29/2019,100256.65
5363,1423,Savings,12/30/2019,83368
5364,1459,Current,12/31/2019,34969.75
5365,1675,Credit,1/1/2020,116658.41
5366,1300,Credit,1/2/2020,59017.44
5367,1302,Savings,1/3/2020,184654.96
5368,1286,Credit,1/4/2020,118722.21
5369,1394,Savings,1/5/2020,120603.84
5370,1009,Credit,1/6/2020,74210.31
5371,1706,Current,1/7/2020,15137.92
5372,1629,Savings,1/8/2020,11190.03
5373,1269,Savings,1/9/2020,87550.35
5374,1591,Current,1/10/2020,21490.25
5375,1604,Savings,1/11/2020,123335.16
5376,1777,Credit,1/12/2020,176789.74
5377,1360,Credit,1/13/2020,177168.39
5378,1256,Savings,1/14/2020,133513.85
5379,1132,Credit,1/15/2020,46190.21
5380,1275,Savings,1/16/2020,173284.38
5381,1775,Current,1/17/2020,177788.22
5382,1682,Savings,1/18/2020,43347.45
5383,1512,Current,1/19/2020,148798.09
5384,1312,Credit,1/20/2020,60871.31
5385,1575,Current,1/21/2020,161514.86
5386,1283,Credit,1/22/2020,199461.39
5387,1120,Savings,1/23/2020,10855.07
5388,1106,Credit,1/24/2020,179986.34
5389,1686,Savings,1/25/2020,126412.95
5390,1203,Savings,1/26/2020,194809.61
5391,1164,Current,1/27/2020,95676.86
5392,1304,Current,1/28/2020,170240.65
5393,1496,Current,1/29/2020,17166.84
5394,1631,Current,1/30/2020,70379.41
5395,1555,Credit,1/31/2020,18068.22
5396,1155,Credit,2/1/2020,195191.91
5397,1366,Credit,2/2/2020,164309.91
5398,1718,Savings,2/3/2020,171246.75
5399,1619,Credit,2/4/2020,187903.22
5400,1250,Credit,2/5/2020,21595.18
5401,1333,Credit,2/6/2020,80191.53
5402,1641,Current,2/7/2020,18851.8
5403,1510,Credit,2/8/2020,46104.65
5404,1292,Savings,2/9/2020,49726.33
5405,1019,Current,2/10/2020,96475.91
5406,1281,Savings,2/11/2020,57369.62
5407,1796,Credit,2/12/2020,24690.73
5408,1000,Current,2/13/2020,37660.76
5409,1118,Savings,2/14/2020,33718.73
5410,1034,Credit,2/15/2020,194749.98
5411,1197,Savings,2/16/2020,153062.04
5412,1484,Savings,2/17/2020,193713.49
5413,1756,Savings,2/18/2020,90749.39
5414,1058,Credit,2/19/2020,59281.85
5415,1160,Credit,2/20/2020,160667.17
5416,1690,Savings,2/21/2020,68619.51
5417,1205,Current,2/22/2020,63379.76
5418,1011,Current,2/23/2020,50338.67
5419,1489,Credit,2/24/2020,30287.4
5420,1275,Credit,2/25/2020,55010.3
5421,1692,Credit,2/26/2020,74287.35
5422,1241,Credit,2/27/2020,136428.87
5423,1215,Credit,2/28/2020,17200.14
5424,1250,Current,2/29/2020,46048.85
5425,1125,Credit,3/1/2020,162759.61
5426,1216,Savings,3/2/2020,33649.78
5427,1305,Savings,3/3/2020,71815.8
5428,1796,Current,3/4/2020,173608.49
5429,1184,Savings,3/5/2020,35210.44
5430,1038,Current,3/6/2020,21133.68
5431,1222,Current,3/7/2020,99484.91
5432,1183,Savings,3/8/2020,63971.8
5433,1494,Credit,3/9/2020,114864.63
5434,1426,Savings,3/10/2020,161741.95
5435,1177,Savings,3/11/2020,31743.96
5436,1427,Current,3/12/2020,118236.32
5437,1293,Savings,3/13/2020,103574.21
5438,1150,Current,3/14/2020,33095.36
5439,1383,Credit,3/15/2020,126679.7
5440,1637,Credit,3/16/2020,58359.88
5441,1307,Credit,3/17/2020,100127.69
5442,1335,Savings,3/18/2020,21043.1
5443,1745,Current,3/19/2020,94618.89
5444,1374,Credit,3/20/2020,64760.38
5445,1007,Current,3/21/2020,165364.34
5446,1340,Current,3/22/2020,16110.85
5447,1128,Credit,3/23/2020,86628.42
5448,1775,Credit,3/24/2020,94394.13
5449,1668,Current,3/25/2020,146376.18
5450,1351,Credit,3/26/2020,116986.08
5451,1357,Current,3/27/2020,135106.41
5452,1516,Current,3/28/2020,156524.61
5453,1494,Credit,3/29/2020,173129.58
5454,1085,Savings,3/30/2020,66205.72
5455,1174,Credit,3/31/2020,109914.43
5456,1192,Savings,4/1/2020,168821.08
5457,1310,Current,4/2/2020,197942.97
5458,1118,Current,4/3/2020,178456.27
5459,1217,Savings,4/4/2020,77436.12
5460,1426,Current,4/5/2020,43057.47
5461,1413,Savings,4/6/2020,100431.54
5462,1113,Savings,4/7/2020,149620.08
5463,1144,Current,4/8/2020,101050.97
5464,1537,Savings,4/9/2020,99220.27
5465,1647,Credit,4/10/2020,168454.93
5466,1302,Credit,4/11/2020,75473.74
5467,1743,Current,4/12/2020,172659.96
5468,1587,Current,4/13/2020,84326.94
5469,1344,Savings,4/14/2020,69005.46
5470,1000,Savings,4/15/2020,93528.03
5471,1146,Savings,4/16/2020,153677.16
5472,1286,Savings,4/17/2020,29570.4
5473,1653,Credit,4/18/2020,43301.75
5474,1052,Credit,4/19/2020,190531.74
5475,1303,Current,4/20/2020,39220.87
5476,1068,Savings,4/21/2020,115706.83
5477,1360,Savings,4/22/2020,117966.32
5478,1601,Current,4/23/2020,100476.77
5479,1219,Savings,4/24/2020,130725.32
5480,1703,Savings,4/25/2020,49816.21
5481,1574,Savings,4/26/2020,112769.14
5482,1584,Savings,4/27/2020,77573.78
5483,1160,Savings,4/28/2020,134025.12
5484,1680,Current,4/29/2020,32538.59
5485,1088,Savings,4/30/2020,116321.1
5486,1687,Current,5/1/2020,41127.72
5487,1780,Savings,5/2/2020,59335.4
5488,1584,Credit,5/3/2020,47648.41
5489,1756,Credit,5/4/2020,40653.37
5490,1588,Credit,5/5/2020,166013.64
5491,1158,Credit,5/6/2020,60712.98
5492,1488,Current,5/7/2020,185789.14
5493,1323,Current,5/8/2020,194135.67
5494,1609,Savings,5/9/2020,116395.79
5495,1380,Credit,5/10/2020,32885.22
5496,1101,Current,5/11/2020,78036.91
5497,1493,Savings,5/12/2020,160557.79
5498,1643,Savings,5/13/2020,76641.19
5499,1613,Current,5/14/2020,21968.36
5500,1018,Credit,5/15/2020,113573.06
5501,1453,Savings,5/16/2020,169798.57
5502,1481,Credit,5/17/2020,160205.65
5503,1593,Credit,5/18/2020,39149.01
5504,1396,Credit,5/19/2020,136189.1
5505,1278,Savings,5/20/2020,47998.33
5506,1364,Credit,5/21/2020,47550.47
5507,1330,Savings,5/22/2020,175444
5508,1640,Credit,5/23/2020,53685.45
5509,1343,Savings,5/24/2020,56333.23
5510,1454,Credit,5/25/2020,5127.41
5511,1600,Current,5/26/2020,174780.46
5512,1724,Credit,5/27/2020,159555.99
5513,1654,Credit,5/28/2020,127329.14
5514,1064,Savings,5/29/2020,151301.82
5515,1075,Savings,5/30/2020,34649.47
5516,1710,Credit,5/31/2020,94373.1
5517,1142,Current,6/1/2020,73487.78
5518,1604,Current,6/2/2020,23286.42
5519,1472,Savings,6/3/2020,99795.44
5520,1416,Current,6/4/2020,184544.23
5521,1304,Credit,6/5/2020,12811.53
5522,1735,Savings,6/6/2020,61834.88
5523,1496,Credit,6/7/2020,45470.48
5524,1290,Savings,6/8/2020,51438.6
5525,1101,Savings,6/9/2020,182144.74
5526,1266,Savings,6/10/2020,96273.47
5527,1621,Savings,6/11/2020,95928.39
5528,1776,Current,6/12/2020,153312.25
5529,1002,Credit,6/13/2020,35125.98
5530,1084,Credit,6/14/2020,100016.74
5531,1793,Credit,6/15/2020,88847.12
5532,1327,Savings,6/16/2020,121397.58
5533,1449,Current,6/17/2020,199913.75
5534,1453,Credit,6/18/2020,155042.53
5535,1628,Current,6/19/2020,82583.81
5536,1220,Savings,6/20/2020,166372.85
5537,1153,Credit,6/21/2020,38288.13
5538,1664,Current,6/22/2020,10940.42
5539,1011,Savings,6/23/2020,44867.43
5540,1132,Current,6/24/2020,71380.25
5541,1303,Credit,6/25/2020,104563.25
5542,1292,Credit,6/26/2020,124950.18
5543,1299,Savings,6/27/2020,182568.11
5544,1739,Savings,6/28/2020,104421.53
5545,1782,Savings,6/29/2020,102748.75
5546,1042,Current,6/30/2020,14797.39
5547,1342,Current,7/1/2020,11807.75
5548,1325,Current,7/2/2020,112476.19
5549,1497,Savings,7/3/2020,90444.83
5550,1363,Credit,7/4/2020,168640.18
5551,1426,Credit,7/5/2020,36332.52
5552,1020,Current,7/6/2020,9869.47
5553,1406,Current,7/7/2020,92562.56
5554,1618,Credit,7/8/2020,51308.32
5555,1335,Credit,7/9/2020,14674.8
5556,1116,Current,7/10/2020,146296.67
5557,1123,Current,7/11/2020,26760.63
5558,1398,Credit,7/12/2020,123622.3
5559,1792,Savings,7/13/2020,59804.7
5560,1714,Current,7/14/2020,38831.73
5561,1050,Credit,7/15/2020,79051.55
5562,1782,Credit,7/16/2020,161281.93
5563,1323,Credit,7/17/2020,81458.25
5564,1788,Credit,7/18/2020,151400.08
5565,1140,Savings,7/19/2020,29469.83
5566,1469,Credit,7/20/2020,155690.43
5567,1786,Current,7/21/2020,51202
5568,1333,Savings,7/22/2020,137091.66
5569,1372,Credit,7/23/2020,115327.4
5570,1563,Savings,7/24/2020,186183.22
5571,1493,Current,7/25/2020,80527.89
5572,1538,Credit,7/26/2020,17902.21
5573,1668,Current,7/27/2020,8735.32
5574,1750,Credit,7/28/2020,166237.42
5575,1155,Credit,7/29/2020,107323.45
5576,1290,Credit,7/30/2020,156172.59
5577,1647,Credit,7/31/2020,50712.99
5578,1143,Credit,8/1/2020,72291.33
5579,1105,Savings,8/2/2020,10870.26
5580,1419,Credit,8/3/2020,192491
5581,1669,Credit,8/4/2020,135234.24
5582,1657,Savings,8/5/2020,186974.99
5583,1001,Savings,8/6/2020,56771.8
5584,1588,Savings,8/7/2020,124235.4
5585,1643,Savings,8/8/2020,137307.49
5586,1089,Savings,8/9/2020,66922.19
5587,1344,Savings,8/10/2020,170381.3
5588,1349,Credit,8/11/2020,189696.49
5589,1458,Credit,8/12/2020,177546.75
5590,1262,Current,8/13/2020,149118.06
5591,1350,Credit,8/14/2020,59105.61
5592,1107,Credit,8/15/2020,59915.13
5593,1585,Savings,8/16/2020,192855.26
5594,1038,Savings,8/17/2020,7005.48
5595,1158,Credit,8/18/2020,144629.74
5596,1582,Current,8/19/2020,142718
5597,1311,Savings,8/20/2020,126424.46
5598,1240,Credit,8/21/2020,198071.22
5599,1444,Credit,8/22/2020,65816.49
5600,1297,Current,8/23/2020,71294.51
5601,1035,Current,8/24/2020,20393.18
5602,1083,Savings,8/25/2020,91345.64
5603,1451,Current,8/26/2020,55904.46
5604,1774,Credit,8/27/2020,71960.41
5605,1384,Credit,8/28/2020,167741.5
5606,1171,Current,8/29/2020,187419.48
5607,1375,Current,8/30/2020,41217.95
5608,1684,Current,8/31/2020,77639.24
5609,1361,Current,9/1/2020,186082.96
5610,1558,Savings,9/2/2020,17052.65
5611,1140,Current,9/3/2020,23010.3
5612,1117,Savings,9/4/2020,36744.24
5613,1276,Credit,9/5/2020,121066.5
5614,1725,Current,9/6/2020,34342.09
5615,1219,Savings,9/7/2020,193774.89
5616,1025,Current,9/8/2020,92109.33
5617,1520,Credit,9/9/2020,102796
5618,1782,Credit,9/10/2020,53098.43
5619,1009,Credit,9/11/2020,96837.25
5620,1377,Current,9/12/2020,134073.16
5621,1632,Current,9/13/2020,151479.54
5622,1636,Savings,9/14/2020,152004.28
5623,1681,Credit,9/15/2020,117688.77
5624,1583,Current,9/16/2020,181350.16
5625,1151,Credit,9/17/2020,164394.53
5626,1719,Credit,9/18/2020,152624.38
5627,1048,Savings,9/19/2020,15843.08
5628,1153,Savings,9/20/2020,6341.2
5629,1292,Savings,9/21/2020,46427.22
5630,1579,Savings,9/22/2020,134387.1
5631,1049,Credit,9/23/2020,85183.51
5632,1663,Savings,9/24/2020,83469.22
5633,1530,Savings,9/25/2020,177494.44
5634,1611,Savings,9/26/2020,179634.76
5635,1059,Savings,9/27/2020,182289.18
5636,1166,Credit,9/28/2020,66206.22
5637,1201,Savings,9/29/2020,139755.88
5638,1145,Credit,9/30/2020,57968.47
5639,1675,Current,10/1/2020,42168.92
5640,1438,Credit,10/2/2020,41003.33
5641,1241,Credit,10/3/2020,71710.99
5642,1580,Savings,10/4/2020,88841.74
5643,1686,Current,10/5/2020,167035.09
5644,1560,Current,10/6/2020,28378.76
5645,1482,Current,10/7/2020,148310.54
5646,1107,Current,10/8/2020,108633.71
5647,1225,Credit,10/9/2020,61149.34
5648,1672,Current,10/10/2020,101099.82
5649,1630,Credit,10/11/2020,63488.7
5650,1660,Credit,10/12/2020,121235.98
5651,1661,Credit,10/13/2020,89599.56
5652,1431,Current,10/14/2020,37059.08
5653,1654,Savings,10/15/2020,27733.7
5654,1418,Savings,10/16/2020,111605.66
5655,1454,Current,10/17/2020,180970.54
5656,1159,Savings,10/18/2020,72071.75
5657,1522,Savings,10/19/2020,147935.02
5658,1649,Credit,10/20/2020,133438.96
5659,1589,Credit,10/21/2020,186653.21
5660,1076,Current,10/22/2020,165091.3
5661,1508,Current,10/23/2020,115488.03
5662,1440,Savings,10/24/2020,133120.95
5663,1253,Credit,10/25/2020,180185.36
5664,1769,Current,10/26/2020,82906.16
5665,1319,Current,10/27/2020,68724.97
5666,1262,Current,10/28/2020,7108.16
5667,1596,Current,10/29/2020,166177.46
5668,1657,Current,10/30/2020,161191.24
5669,1553,Current,10/31/2020,25368.63
5670,1373,Savings,11/1/2020,117487.19
5671,1636,Credit,11/2/2020,95476.43
5672,1166,Credit,11/3/2020,28148.27
5673,1752,Current,11/4/2020,196210.8
5674,1458,Credit,11/5/2020,46865.7
5675,1279,Credit,11/6/2020,18110.67
5676,1699,Credit,11/7/2020,120995.24
5677,1301,Current,11/8/2020,149079
5678,1530,Current,11/9/2020,11326.47
5679,1579,Credit,11/10/2020,133449.94
5680,1217,Credit,11/11/2020,108796.92
5681,1101,Current,11/12/2020,25136.68
5682,1553,Savings,11/13/2020,38642.16
5683,1287,Credit,11/14/2020,115754.99
5684,1166,Savings,11/15/2020,62789.73
5685,1620,Credit,11/16/2020,187971.57
5686,1035,Savings,11/17/2020,164654.34
5687,1743,Savings,11/18/2020,196795.61
5688,1740,Savings,11/19/2020,55635.81
5689,1352,Current,11/20/2020,194096.11
5690,1675,Savings,11/21/2020,89090.6
5691,1072,Savings,11/22/2020,72766.17
5692,1647,Savings,11/23/2020,14818.16
5693,1352,Credit,11/24/2020,15289.23
5694,1069,Savings,11/25/2020,139942.19
5695,1424,Credit,11/26/2020,94296.15
5696,1707,Savings,11/27/2020,49171.72
5697,1780,Savings,11/28/2020,124724.21
5698,1560,Current,11/29/2020,54307.33
5699,1641,Credit,11/30/2020,117638.19
5700,1516,Savings,12/1/2020,75045.71
5701,1427,Credit,12/2/2020,165592.68
5702,1538,Credit,12/3/2020,165035.75
5703,1159,Current,12/4/2020,98083.33
5704,1148,Current,12/5/2020,73409.73
5705,1775,Current,12/6/2020,75699.16
5706,1229,Current,12/7/2020,162114.33
5707,1711,Current,12/8/2020,68995
5708,1561,Current,12/9/2020,45766.58
5709,1066,Current,12/10/2020,21514.23
5710,1380,Current,12/11/2020,96005.16
5711,1057,Savings,12/12/2020,99015.76
5712,1258,Credit,12/13/2020,168977.2
5713,1341,Current,12/14/2020,48141.55
5714,1129,Current,12/15/2020,79293.3
5715,1726,Credit,12/16/2020,162639.12
5716,1171,Savings,12/17/2020,165606.6
5717,1769,Credit,12/18/2020,79999.16
5718,1613,Credit,12/19/2020,94529.18
5719,1208,Current,12/20/2020,64140.75
5720,1353,Credit,12/21/2020,186848.2
5721,1470,Credit,12/22/2020,28135.53
5722,1797,Current,12/23/2020,187081.14
5723,1115,Current,12/24/2020,138353.96
5724,1263,Current,12/25/2020,108656.57
5725,1661,Current,12/26/2020,11368.52
5726,1441,Credit,12/27/2020,97741.26
5727,1547,Credit,12/28/2020,84510.88
5728,1452,Savings,12/29/2020,36437.67
5729,1476,Savings,12/30/2020,132999.87
5730,1286,Credit,12/31/2020,194374.43
5731,1302,Savings,1/1/2021,114626.82
5732,1310,Credit,1/2/2021,144376.89
5733,1207,Savings,1/3/2021,18347.84
5734,1617,Current,1/4/2021,86445.06
5735,1445,Savings,1/5/2021,27689.9
5736,1669,Current,1/6/2021,124495.19
5737,1632,Current,1/7/2021,188004.02
5738,1054,Current,1/8/2021,134046.66
5739,1011,Current,1/9/2021,19976.59
5740,1656,Savings,1/10/2021,74159.91
5741,1399,Credit,1/11/2021,112379.36
5742,1647,Current,1/12/2021,83625.51
5743,1514,Savings,1/13/2021,167560.58
5744,1655,Current,1/14/2021,163860.85
5745,1541,Savings,1/15/2021,124307.05
5746,1236,Savings,1/16/2021,77824.3
5747,1278,Savings,1/17/2021,54790.59
5748,1347,Credit,1/18/2021,25645.49
5749,1626,Savings,1/19/2021,74205.05
5750,1103,Savings,1/20/2021,85568.64
5751,1629,Credit,1/21/2021,136785.47
5752,1516,Credit,1/22/2021,133341.17
5753,1247,Savings,1/23/2021,18671.09
5754,1363,Credit,1/24/2021,82075.57
5755,1320,Current,1/25/2021,40446.88
5756,1632,Current,1/26/2021,35578.48
5757,1285,Credit,1/27/2021,166323.92
5758,1148,Credit,1/28/2021,13173.47
5759,1083,Savings,1/29/2021,86740.66
5760,1405,Credit,1/30/2021,37799.71
5761,1455,Savings,1/31/2021,176469.39
5762,1742,Current,2/1/2021,113622.9
5763,1799,Credit,2/2/2021,50119.22
5764,1160,Savings,2/3/2021,102973.32
5765,1783,Savings,2/4/2021,147639.84
5766,1459,Current,2/5/2021,191833.01
5767,1549,Credit,2/6/2021,47986.97
5768,1499,Current,2/7/2021,177805.45
5769,1737,Savings,2/8/2021,187189.3
5770,1508,Savings,2/9/2021,183702.01
5771,1653,Credit,2/10/2021,128905.8
5772,1480,Savings,2/11/2021,127815.03
5773,1662,Credit,2/12/2021,83626.07
5774,1113,Current,2/13/2021,151717.59
5775,1748,Credit,2/14/2021,108602.33
5776,1577,Credit,2/15/2021,137100.42
5777,1360,Savings,2/16/2021,88549.29
5778,1340,Savings,2/17/2021,147641.81
5779,1769,Credit,2/18/2021,165771.95
5780,1760,Savings,2/19/2021,33555.07
5781,1448,Savings,2/20/2021,167421.29
5782,1179,Savings,2/21/2021,110357.82
5783,1701,Credit,2/22/2021,169709.85
5784,1406,Savings,2/23/2021,89103.83
5785,1665,Credit,2/24/2021,78912.89
5786,1195,Savings,2/25/2021,183436.84
5787,1465,Current,2/26/2021,53978.01
5788,1310,Savings,2/27/2021,169621.4
5789,1261,Savings,2/28/2021,99384.01
5790,1418,Credit,3/1/2021,105248.61
5791,1405,Credit,3/2/2021,65151.31
5792,1142,Savings,3/3/2021,116743.23
5793,1341,Current,3/4/2021,68416.18
5794,1315,Savings,3/5/2021,12657.54
5795,1100,Savings,3/6/2021,58039.73
5796,1243,Current,3/7/2021,6243.91
5797,1489,Credit,3/8/2021,195779.18
5798,1011,Savings,3/9/2021,193320.71
5799,1238,Credit,3/10/2021,82055.28
5800,1560,Credit,3/11/2021,147032.32
5801,1041,Current,3/12/2021,72432.19
5802,1677,Current,3/13/2021,135863.17
5803,1593,Credit,3/14/2021,162058.86
5804,1428,Savings,3/15/2021,189617.47
5805,1157,Credit,3/16/2021,83041.39
5806,1215,Savings,3/17/2021,157743.11
5807,1669,Savings,3/18/2021,56856.05
5808,1461,Current,3/19/2021,198114.8
5809,1133,Savings,3/20/2021,10025.07
5810,1066,Savings,3/21/2021,122688.12
5811,1006,Credit,3/22/2021,133603.67
5812,1525,Current,3/23/2021,139168.88
5813,1072,Savings,3/24/2021,28475.58
5814,1398,Savings,3/25/2021,188013.31
5815,1404,Current,3/26/2021,40330.74
5816,1674,Credit,3/27/2021,126436.91
5817,1577,Current,3/28/2021,48421.84
5818,1129,Current,3/29/2021,64907.2
5819,1465,Savings,3/30/2021,111559.42
5820,1205,Savings,3/31/2021,86352.72
5821,1787,Credit,4/1/2021,36243.99
5822,1767,Savings,4/2/2021,38332.6
5823,1265,Savings,4/3/2021,86538.23
5824,1536,Current,4/4/2021,152670.18
5825,1792,Savings,4/5/2021,180103.11
5826,1252,Credit,4/6/2021,21404.89
5827,1288,Current,4/7/2021,81655.26
5828,1163,Credit,4/8/2021,24547.88
5829,1094,Current,4/9/2021,8235.53
5830,1781,Savings,4/10/2021,134035.14
5831,1109,Current,4/11/2021,122477.64
5832,1335,Current,4/12/2021,36788.73
5833,1237,Savings,4/13/2021,50593.5
5834,1380,Savings,4/14/2021,9623.01
5835,1435,Credit,4/15/2021,167814.71
5836,1482,Credit,4/16/2021,195064.67
5837,1024,Savings,4/17/2021,31414.61
5838,1652,Savings,4/18/2021,50137.67
5839,1116,Savings,4/19/2021,174339.86
5840,1481,Current,4/20/2021,185660.44
5841,1391,Current,4/21/2021,86827.34
5842,1536,Current,4/22/2021,14871.38
5843,1078,Savings,4/23/2021,12681.41
5844,1579,Credit,4/24/2021,116920.22
5845,1172,Savings,4/25/2021,81614.55
5846,1011,Current,4/26/2021,10587.22
5847,1799,Current,4/27/2021,118734.22
5848,1127,Savings,4/28/2021,7203.99
5849,1607,Savings,4/29/2021,158537.53
5850,1091,Current,4/30/2021,64754.4
5851,1652,Current,5/1/2021,12850.31
5852,1542,Current,5/2/2021,119728.68
5853,1531,Savings,5/3/2021,82548.46
5854,1657,Current,5/4/2021,194891.08
5855,1446,Current,5/5/2021,111118.74
5856,1389,Credit,5/6/2021,58671.64
5857,1671,Savings,5/7/2021,143340.58
5858,1042,Credit,5/8/2021,57940.94
5859,1253,Credit,5/9/2021,181327.44
5860,1129,Current,5/10/2021,78070.78
5861,1059,Savings,5/11/2021,112224.37
5862,1662,Current,5/12/2021,14861.76
5863,1466,Savings,5/13/2021,88093.64
5864,1286,Credit,5/14/2021,167310.89
5865,1516,Savings,5/15/2021,162101.52
5866,1466,Current,5/16/2021,48742.12
5867,1777,Current,5/17/2021,49085.42
5868,1344,Current,5/18/2021,164374.54
5869,1641,Savings,5/19/2021,186427.69
5870,1381,Credit,5/20/2021,23595.38
5871,1778,Credit,5/21/2021,92761.43
5872,1689,Savings,5/22/2021,70803.58
5873,1252,Current,5/23/2021,174784.25
5874,1055,Credit,5/24/2021,21287.36
5875,1462,Current,5/25/2021,46169.56
5876,1456,Savings,5/26/2021,151731.33
5877,1082,Current,5/27/2021,15002.3
5878,1098,Credit,5/28/2021,101044.4
5879,1148,Credit,5/29/2021,91210.87
5880,1328,Current,5/30/2021,70208.23
5881,1155,Savings,5/31/2021,81941.6
5882,1189,Current,6/1/2021,108338.41
5883,1493,Savings,6/2/2021,36466.63
5884,1262,Current,6/3/2021,116539.2
5885,1079,Credit,6/4/2021,162059.3
5886,1399,Savings,6/5/2021,153231.38
5887,1763,Savings,6/6/2021,35010.48
5888,1608,Savings,6/7/2021,34103.65
5889,1259,Credit,6/8/2021,57294
5890,1771,Current,6/9/2021,75409.57
5891,1614,Credit,6/10/2021,84648.84
5892,1551,Savings,6/11/2021,137540.96
5893,1784,Current,6/12/2021,16052.68
5894,1100,Credit,6/13/2021,11761.18
5895,1358,Savings,6/14/2021,81422.56
5896,1379,Savings,6/15/2021,140946.92
5897,1220,Credit,6/16/2021,42719.89
5898,1419,Credit,6/17/2021,130093.37
5899,1123,Credit,6/18/2021,55666.49
5900,1421,Savings,6/19/2021,177786.79
5901,1230,Credit,6/20/2021,179659.54
5902,1689,Savings,6/21/2021,62971
5903,1062,Credit,6/22/2021,49848.78
5904,1484,Savings,6/23/2021,85204.27
5905,1627,Savings,6/24/2021,51903.66
5906,1702,Current,6/25/2021,136114.85
5907,1573,Credit,6/26/2021,166082.61
5908,1767,Credit,6/27/2021,136252.97
5909,1482,Savings,6/28/2021,165748.34
5910,1518,Savings,6/29/2021,82413.47
5911,1154,Savings,6/30/2021,35481.81
5912,1091,Current,7/1/2021,148900.43
5913,1525,Current,7/2/2021,75292.53
5914,1454,Savings,7/3/2021,135897.81
5915,1740,Credit,7/4/2021,57775.57
5916,1597,Credit,7/5/2021,20839.78
5917,1644,Current,7/6/2021,198553.45
5918,1509,Current,7/7/2021,35459.29
5919,1182,Savings,7/8/2021,197742.09
5920,1385,Credit,7/9/2021,195569.59
5921,1573,Savings,7/10/2021,159794.53
5922,1730,Current,7/11/2021,133587.48
5923,1404,Credit,7/12/2021,117672.37
5924,1245,Credit,7/13/2021,173889.8
5925,1741,Current,7/14/2021,61440.71
5926,1590,Savings,7/15/2021,96197.84
5927,1660,Savings,7/16/2021,125781.04
5928,1649,Credit,7/17/2021,85182.14
5929,1470,Current,7/18/2021,88359.86
5930,1422,Credit,7/19/2021,69405.51
5931,1064,Current,7/20/2021,115025.2
5932,1012,Savings,7/21/2021,170862.03
5933,1212,Current,7/22/2021,44298.03
5934,1241,Savings,7/23/2021,187214.44
5935,1492,Current,7/24/2021,139372.09
5936,1212,Credit,7/25/2021,165538.28
5937,1692,Savings,7/26/2021,113457.19
5938,1337,Credit,7/27/2021,157005.76
5939,1172,Credit,7/28/2021,8159.08
5940,1671,Savings,7/29/2021,164584.18
5941,1163,Savings,7/30/2021,12827.08
5942,1464,Credit,7/31/2021,178533.11
5943,1496,Credit,8/1/2021,198432.74
5944,1699,Credit,8/2/2021,62343.16
5945,1394,Credit,8/3/2021,46012.12
5946,1702,Savings,8/4/2021,154245.86
5947,1307,Savings,8/5/2021,54340.14
5948,1767,Credit,8/6/2021,173784.66
5949,1182,Current,8/7/2021,25054.31
5950,1628,Current,8/8/2021,29561.26
5951,1793,Savings,8/9/2021,195934.55
5952,1509,Credit,8/10/2021,136398.59
5953,1707,Credit,8/11/2021,170143.01
5954,1545,Savings,8/12/2021,68244.23
5955,1563,Current,8/13/2021,136914.33
5956,1623,Current,8/14/2021,120877.16
5957,1763,Current,8/15/2021,122614.27
5958,1593,Savings,8/16/2021,138093.83
5959,1743,Current,8/17/2021,117195.04
5960,1226,Savings,8/18/2021,88667.16
5961,1744,Savings,8/19/2021,58804.93
5962,1732,Credit,8/20/2021,154873.36
5963,1435,Current,8/21/2021,49123.12
5964,1421,Savings,8/22/2021,140009.09
5965,1553,Current,8/23/2021,50499.9
5966,1020,Current,8/24/2021,126939.38
5967,1553,Credit,8/25/2021,150680.26
5968,1396,Current,8/26/2021,47649.21
5969,1624,Credit,8/27/2021,16688.94
5970,1104,Savings,8/28/2021,30539.88
5971,1191,Current,8/29/2021,123169.41
5972,1016,Savings,8/30/2021,170642.05
5973,1119,Current,8/31/2021,13774.38
5974,1392,Savings,9/1/2021,148159.5
5975,1424,Current,9/2/2021,71557.14
5976,1128,Current,9/3/2021,98313.03
5977,1129,Current,9/4/2021,186127.61
5978,1571,Current,9/5/2021,69734.44
5979,1559,Current,9/6/2021,95740.7
5980,1028,Current,9/7/2021,7668.07
5981,1096,Current,9/8/2021,20911.75
5982,1009,Current,9/9/2021,55425.36
5983,1241,Current,9/10/2021,10431.19
5984,1231,Savings,9/11/2021,128118.19
5985,1788,Credit,9/12/2021,88147.68
5986,1283,Current,9/13/2021,111888.31
5987,1714,Credit,9/14/2021,39056.2
5988,1758,Current,9/15/2021,62706.75
5989,1775,Current,9/16/2021,134445.77
5990,1725,Savings,9/17/2021,193234.03
5991,1199,Savings,9/18/2021,14831.27
5992,1078,Credit,9/19/2021,178624.94
5993,1172,Savings,9/20/2021,117491.83
5994,1466,Savings,9/21/2021,114964.32
5995,1580,Credit,9/22/2021,102554.31
5996,1415,Savings,9/23/2021,18531.85
5997,1448,Current,9/24/2021,22525.99
5998,1086,Credit,9/25/2021,122177.84
5999,1100,Credit,9/26/2021,71486.92
6000,1007,Current,9/27/2021,183867.27
6001,1199,Savings,9/28/2021,84285.15
6002,1504,Credit,9/29/2021,32939.88
6003,1086,Credit,9/30/2021,144370.17
6004,1042,Current,10/1/2021,62203.92
6005,1384,Current,10/2/2021,107466.71
6006,1620,Savings,10/3/2021,141077.39
6007,1434,Credit,10/4/2021,180551.5
6008,1407,Savings,10/5/2021,159477.28
6009,1482,Savings,10/6/2021,136890.41
6010,1663,Current,10/7/2021,137528.47
6011,1016,Credit,10/8/2021,189455.31
6012,1644,Credit,10/9/2021,62685.7
6013,1147,Credit,10/10/2021,5216.86
6014,1276,Current,10/11/2021,58031.14
6015,1231,Current,10/12/2021,47488.82
6016,1365,Current,10/13/2021,134057.74
6017,1227,Current,10/14/2021,128573.76
6018,1650,Current,10/15/2021,120724.97
6019,1435,Credit,10/16/2021,8167.47
6020,1398,Savings,10/17/2021,147111.72
6021,1210,Credit,10/18/2021,68088.43
6022,1390,Savings,10/19/2021,134685.92
6023,1498,Current,10/20/2021,113532.79
6024,1539,Savings,10/21/2021,71832.53
6025,1562,Credit,10/22/2021,31242.37
6026,1490,Credit,10/23/2021,23411.69
6027,1441,Savings,10/24/2021,167146.07
6028,1260,Current,10/25/2021,184087.52
6029,1772,Current,10/26/2021,131708.67
6030,1349,Credit,10/27/2021,25169.65
6031,1351,Savings,10/28/2021,83395.31
6032,1519,Current,10/29/2021,147143.14
6033,1319,Current,10/30/2021,157065.07
6034,1137,Credit,10/31/2021,28052.63
6035,1549,Current,11/1/2021,5005.99
6036,1622,Savings,11/2/2021,143866.72
6037,1367,Credit,11/3/2021,74536.25
6038,1219,Credit,11/4/2021,54623.86
6039,1336,Savings,11/5/2021,7515.01
6040,1222,Credit,11/6/2021,110358.38
6041,1647,Current,11/7/2021,170974.39
6042,1767,Current,11/8/2021,191738.17
6043,1359,Savings,11/9/2021,115320.27
6044,1328,Current,11/10/2021,105319.96
6045,1462,Savings,11/11/2021,21586
6046,1560,Savings,11/12/2021,112030.2
6047,1381,Current,11/13/2021,79095.92
6048,1589,Savings,11/14/2021,123391.38
6049,1616,Current,11/15/2021,80801.64
6050,1168,Credit,11/16/2021,51858.33
6051,1216,Credit,11/17/2021,23518.23
6052,1377,Savings,11/18/2021,66409.1
6053,1118,Current,11/19/2021,23845.74
6054,1189,Current,11/20/2021,39494.91
6055,1766,Credit,11/21/2021,197530.55
6056,1369,Credit,11/22/2021,91600.19
6057,1777,Current,11/23/2021,108714.99
6058,1148,Savings,11/24/2021,175355.61
6059,1675,Credit,11/25/2021,199135.94
6060,1651,Savings,11/26/2021,118629.32
6061,1487,Savings,11/27/2021,163432.4
6062,1769,Credit,11/28/2021,68753.5
6063,1373,Savings,11/29/2021,64620.07
6064,1780,Savings,11/30/2021,83527.23
6065,1692,Current,12/1/2021,136138.92
6066,1159,Savings,12/2/2021,138027.38
6067,1350,Current,12/3/2021,66471.69
6068,1287,Credit,12/4/2021,30975.94
6069,1287,Credit,12/5/2021,128317.27
6070,1225,Current,12/6/2021,30023.54
6071,1522,Credit,12/7/2021,117806.04
6072,1521,Savings,12/8/2021,140217.31
6073,1782,Savings,12/9/2021,141619.24
6074,1272,Savings,12/10/2021,151927.06
6075,1401,Credit,12/11/2021,175207.59
6076,1182,Savings,12/12/2021,102492
6077,1664,Credit,12/13/2021,147398.59
6078,1487,Savings,12/14/2021,125738.68
6079,1123,Current,12/15/2021,41394.79
6080,1625,Credit,12/16/2021,10009.48
6081,1789,Credit,12/17/2021,60485.57
6082,1413,Savings,12/18/2021,91391.57
6083,1724,Credit,12/19/2021,125335.66
6084,1171,Credit,12/20/2021,170742.07
6085,1287,Current,12/21/2021,43267.91
6086,1434,Current,12/22/2021,29482.21
6087,1685,Savings,12/23/2021,192878.59
6088,1112,Current,12/24/2021,26068.69
6089,1121,Savings,12/25/2021,98305.76
6090,1543,Savings,12/26/2021,119184.93
6091,1221,Savings,12/27/2021,110568.01
6092,1630,Credit,12/28/2021,21776.27
6093,1038,Current,12/29/2021,16120.25
6094,1496,Savings,12/30/2021,25569.27
6095,1779,Current,12/31/2021,119189.6
6096,1232,Savings,1/1/2022,111147.25
6097,1529,Current,1/2/2022,50579.45
6098,1148,Current,1/3/2022,129365.96
6099,1396,Savings,1/4/2022,164913.16
6100,1660,Credit,1/5/2022,13107.9
6101,1637,Current,1/6/2022,102135.34
6102,1301,Credit,1/7/2022,139415.53
6103,1359,Credit,1/8/2022,54200.83
6104,1237,Savings,1/9/2022,65015.33
6105,1646,Savings,1/10/2022,124659.39
6106,1662,Savings,1/11/2022,180097.38
6107,1235,Current,1/12/2022,162935.26
6108,1735,Savings,1/13/2022,118710.39
6109,1202,Savings,1/14/2022,147393.23
6110,1255,Current,1/15/2022,76140.38
6111,1597,Current,1/16/2022,129988.28
6112,1661,Savings,1/17/2022,95905.41
6113,1234,Savings,1/18/2022,42037.55
6114,1344,Savings,1/19/2022,141838.96
6115,1533,Savings,1/20/2022,113510.6
6116,1796,Credit,1/21/2022,74931.21
6117,1780,Credit,1/22/2022,182711.14
6118,1465,Savings,1/23/2022,9082.15
6119,1769,Credit,1/24/2022,66575.76
6120,1540,Current,1/25/2022,16091.87
6121,1212,Credit,1/26/2022,154472.83
6122,1462,Credit,1/27/2022,141910.95
6123,1435,Savings,1/28/2022,69613.68
6124,1282,Credit,1/29/2022,136754.27
6125,1561,Credit,1/30/2022,82207.76
6126,1606,Credit,1/31/2022,152469.49
6127,1462,Credit,2/1/2022,93565.81
6128,1406,Current,2/2/2022,85394.55
6129,1087,Savings,2/3/2022,187272.33
6130,1043,Savings,2/4/2022,53921.42
6131,1460,Current,2/5/2022,28487.23
6132,1277,Credit,2/6/2022,118985.91
6133,1682,Current,2/7/2022,194017.75
6134,1420,Credit,2/8/2022,78678.65
6135,1700,Current,2/9/2022,17097.17
6136,1352,Savings,2/10/2022,71164.53
6137,1695,Savings,2/11/2022,103656.67
6138,1514,Savings,2/12/2022,36574.99
6139,1702,Credit,2/13/2022,133329.93
6140,1629,Credit,2/14/2022,199561.13
6141,1018,Current,2/15/2022,93089.2
6142,1022,Current,2/16/2022,74172.07
6143,1412,Savings,2/17/2022,83137.31
6144,1029,Credit,2/18/2022,27453.5
6145,1107,Current,2/19/2022,177238.35
6146,1366,Credit,2/20/2022,85891
6147,1280,Credit,2/21/2022,80518.51
6148,1127,Savings,2/22/2022,133639.6
6149,1228,Savings,2/23/2022,91196.52
6150,1110,Credit,2/24/2022,131405.53
6151,1135,Credit,2/25/2022,16982.03
6152,1361,Credit,2/26/2022,163676.05
6153,1185,Credit,2/27/2022,188398.27
6154,1655,Savings,2/28/2022,131509.25
6155,1583,Current,3/1/2022,191140.36
6156,1128,Savings,3/2/2022,34529.3
6157,1260,Current,3/3/2022,98096.16
6158,1514,Credit,3/4/2022,122352.31
6159,1448,Current,3/5/2022,118438.65
6160,1103,Savings,3/6/2022,83285.05
6161,1482,Savings,3/7/2022,70926.46
6162,1223,Credit,3/8/2022,29730.68
6163,1490,Savings,3/9/2022,81389.78
6164,1472,Credit,3/10/2022,36718.86
6165,1009,Savings,3/11/2022,148201.31
6166,1404,Savings,3/12/2022,45722.03
6167,1301,Credit,3/13/2022,16420.23
6168,1230,Current,3/14/2022,112711.4
6169,1730,Savings,3/15/2022,121069.8
6170,1065,Current,3/16/2022,175023.05
6171,1111,Savings,3/17/2022,117511.41
6172,1012,Savings,3/18/2022,72368.77
6173,1392,Savings,3/19/2022,161587.32
6174,1499,Savings,3/20/2022,110354.38
6175,1597,Current,3/21/2022,20459.66
6176,1233,Current,3/22/2022,115340.86
6177,1601,Savings,3/23/2022,182063.62
6178,1313,Savings,3/24/2022,82280.96
6179,1565,Current,3/25/2022,62783.53
6180,1011,Credit,3/26/2022,32976.54
6181,1208,Credit,3/27/2022,34531.88
6182,1013,Current,3/28/2022,89390.44
6183,1632,Savings,3/29/2022,121157.57
6184,1417,Savings,3/30/2022,20720
6185,1436,Credit,3/31/2022,188215.87
6186,1376,Credit,4/1/2022,152251.06
6187,1019,Current,4/2/2022,119391.66
6188,1586,Credit,4/3/2022,166545.54
6189,1754,Current,4/4/2022,20636.42
6190,1734,Credit,4/5/2022,97983.58
6191,1069,Credit,4/6/2022,127868.16
6192,1210,Credit,4/7/2022,166587.32
6193,1100,Savings,4/8/2022,157776.56
6194,1697,Savings,4/9/2022,59028.5
6195,1131,Savings,4/10/2022,188471.63
6196,1622,Credit,4/11/2022,29247.44
6197,1380,Current,4/12/2022,175651.06
6198,1131,Current,4/13/2022,194333.35
6199,1019,Current,4/14/2022,39544.94
6200,1535,Current,4/15/2022,145802.88
6201,1226,Savings,4/16/2022,12855.68
6202,1153,Savings,4/17/2022,84057.45
6203,1741,Credit,4/18/2022,105675.24
6204,1468,Credit,4/19/2022,118225.82
6205,1404,Current,4/20/2022,187507.76
6206,1201,Savings,4/21/2022,136088.88
6207,1037,Current,4/22/2022,98849.2
6208,1771,Credit,4/23/2022,162886.63
6209,1187,Credit,4/24/2022,190353.9
6210,1056,Current,4/25/2022,9302.9
6211,1019,Credit,4/26/2022,196591.65
6212,1272,Current,4/27/2022,21795.77
6213,1118,Savings,4/28/2022,163805.42
6214,1582,Current,4/29/2022,59665.28
6215,1515,Savings,4/30/2022,30775.03
6216,1220,Savings,5/1/2022,90771.85
6217,1525,Credit,5/2/2022,130571.53
6218,1514,Credit,5/3/2022,79285.61
6219,1727,Credit,5/4/2022,15640.25
6220,1740,Current,5/5/2022,121894.92
6221,1335,Current,5/6/2022,180968.64
6222,1697,Credit,5/7/2022,79727
6223,1054,Current,5/8/2022,47184.89
6224,1499,Credit,5/9/2022,91302.58
6225,1765,Current,5/10/2022,14430.73
6226,1535,Savings,5/11/2022,164995.08
6227,1161,Savings,5/12/2022,166136.46
6228,1669,Credit,5/13/2022,119660.09
6229,1593,Current,5/14/2022,73855.06
6230,1158,Current,5/15/2022,160957.76
6231,1187,Savings,5/16/2022,113163.97
6232,1059,Savings,5/17/2022,166056.8
6233,1318,Credit,5/18/2022,128134.46
6234,1210,Savings,5/19/2022,157959.07
6235,1405,Credit,5/20/2022,121719.78
6236,1663,Savings,5/21/2022,85757.51
6237,1108,Savings,5/22/2022,191799.44
6238,1075,Current,5/23/2022,110517.2
6239,1541,Savings,5/24/2022,122992.46
6240,1313,Savings,5/25/2022,47995.09
6241,1116,Credit,5/26/2022,127001.9
6242,1703,Savings,5/27/2022,116463.49
6243,1018,Credit,5/28/2022,41043.49
6244,1431,Savings,5/29/2022,16619.48
6245,1684,Savings,5/30/2022,122850.07
6246,1739,Credit,5/31/2022,153919.99
6247,1349,Current,6/1/2022,107063.27
6248,1182,Credit,6/2/2022,49220.66
6249,1112,Credit,6/3/2022,134971.79
6250,1182,Credit,6/4/2022,20620.62
6251,1480,Current,6/5/2022,91157.57
6252,1145,Savings,6/6/2022,36856.52
6253,1627,Credit,6/7/2022,40969.51
6254,1112,Credit,6/8/2022,44447.32
6255,1762,Current,6/9/2022,80407.88
6256,1475,Credit,6/10/2022,14974.29
6257,1762,Savings,6/11/2022,82569.72
6258,1302,Current,6/12/2022,104782.95
6259,1117,Savings,6/13/2022,99242.39
6260,1160,Savings,6/14/2022,79642.9
6261,1400,Current,6/15/2022,168633.59
6262,1197,Credit,6/16/2022,33338.71
6263,1259,Savings,6/17/2022,103610.87
6264,1659,Savings,6/18/2022,17098.08
6265,1751,Savings,6/19/2022,18875.36
6266,1046,Savings,6/20/2022,116903.84
6267,1398,Current,6/21/2022,115373.59
6268,1709,Current,6/22/2022,176216.54
6269,1558,Savings,6/23/2022,113785.37
6270,1077,Credit,6/24/2022,192159.25
6271,1123,Savings,6/25/2022,14495.5
6272,1074,Credit,6/26/2022,24111.5
6273,1136,Savings,6/27/2022,13592.84
6274,1601,Credit,6/28/2022,41128.99
6275,1399,Savings,6/29/2022,110547.67
6276,1504,Credit,6/30/2022,130886.58
6277,1499,Savings,7/1/2022,13889.11
6278,1572,Savings,7/2/2022,189464.32
6279,1137,Credit,7/3/2022,169222.25
6280,1049,Current,7/4/2022,62839.43
6281,1770,Credit,7/5/2022,20051.57
6282,1618,Current,7/6/2022,38127.98
6283,1624,Savings,7/7/2022,29754.16
6284,1253,Credit,7/8/2022,29040.34
6285,1629,Credit,7/9/2022,106119.53
6286,1709,Credit,7/10/2022,52940.25
6287,1562,Current,7/11/2022,74837.24
6288,1756,Current,7/12/2022,197953.54
6289,1425,Savings,7/13/2022,138441.28
6290,1546,Current,7/14/2022,190051.23
6291,1301,Current,7/15/2022,32798.53
6292,1580,Savings,7/16/2022,79517.2
6293,1348,Credit,7/17/2022,113172.7
6294,1048,Credit,7/18/2022,19967.82
6295,1073,Savings,7/19/2022,5816.55
6296,1703,Credit,7/20/2022,135734.7
6297,1260,Current,7/21/2022,130154.81
6298,1355,Savings,7/22/2022,85103.82
6299,1581,Savings,7/23/2022,100480.59
6300,1601,Savings,7/24/2022,86011.39
6301,1259,Credit,7/25/2022,9680.98
6302,1637,Savings,7/26/2022,70397.46
6303,1742,Savings,7/27/2022,39531.04
6304,1294,Savings,7/28/2022,24192.72
6305,1640,Credit,7/29/2022,191560.48
6306,1791,Current,7/30/2022,121875.15
6307,1312,Savings,7/31/2022,147087.98
6308,1611,Current,8/1/2022,66495.93
6309,1181,Credit,8/2/2022,81663.69
6310,1685,Credit,8/3/2022,51200.18
6311,1363,Credit,8/4/2022,23908.31
6312,1187,Credit,8/5/2022,39911.17
6313,1568,Current,8/6/2022,160515.24
6314,1542,Savings,8/7/2022,137121.43
6315,1595,Credit,8/8/2022,111651.13
6316,1663,Credit,8/9/2022,97642.53
6317,1547,Current,8/10/2022,184874.69
6318,1724,Current,8/11/2022,19183.31
6319,1407,Credit,8/12/2022,59717.16
6320,1617,Savings,8/13/2022,73237.88
6321,1413,Savings,8/14/2022,157573.03
6322,1341,Credit,8/15/2022,198540.35
6323,1219,Current,8/16/2022,51930.75
6324,1162,Credit,8/17/2022,175489.93
6325,1219,Credit,8/18/2022,166971.44
6326,1269,Current,8/19/2022,48808.19
6327,1631,Credit,8/20/2022,82869.85
6328,1399,Credit,8/21/2022,84886.21
6329,1181,Credit,8/22/2022,195753.03
6330,1617,Current,8/23/2022,40273.92
6331,1728,Savings,8/24/2022,160835.8
6332,1204,Savings,8/25/2022,70167.58
6333,1581,Current,8/26/2022,147519.72
6334,1555,Savings,8/27/2022,86902.15
6335,1227,Credit,8/28/2022,117780.15
6336,1695,Savings,8/29/2022,167359.3
6337,1618,Credit,8/30/2022,161812.29
6338,1595,Savings,8/31/2022,173952.52
6339,1249,Current,9/1/2022,16625.38
6340,1440,Savings,9/2/2022,139949.86
6341,1532,Savings,9/3/2022,32297.54
6342,1195,Savings,9/4/2022,86084.62
6343,1689,Current,9/5/2022,111974.74
6344,1518,Savings,9/6/2022,83534.2
6345,1069,Current,9/7/2022,106324.28
6346,1638,Credit,9/8/2022,199322.63
6347,1398,Savings,9/9/2022,31367.38
6348,1671,Current,9/10/2022,136713.93
6349,1759,Current,9/11/2022,82220.19
6350,1202,Savings,9/12/2022,30936.91
6351,1147,Credit,9/13/2022,35953.67
6352,1471,Current,9/14/2022,190108.26
6353,1654,Savings,9/15/2022,176522.29
6354,1198,Credit,9/16/2022,181873.18
6355,1425,Current,9/17/2022,198348.89
6356,1665,Current,9/18/2022,45621.5
6357,1491,Credit,9/19/2022,74310.67
6358,1141,Credit,9/20/2022,135497.71
6359,1312,Savings,9/21/2022,99341.5
6360,1164,Savings,9/22/2022,86585.96
6361,1313,Current,9/23/2022,74773.19
6362,1020,Credit,9/24/2022,120787.22
6363,1081,Credit,9/25/2022,117240.72
6364,1580,Credit,9/26/2022,36484.28
6365,1130,Current,9/27/2022,96989.27
6366,1598,Credit,9/28/2022,112927
6367,1729,Credit,9/29/2022,116205.95
6368,1304,Current,9/30/2022,45970.9
6369,1370,Savings,10/1/2022,149742.92
6370,1383,Savings,10/2/2022,9913.82
6371,1444,Current,10/3/2022,74192.21
6372,1424,Credit,10/4/2022,157141.47
6373,1160,Current,10/5/2022,114959.12
6374,1177,Savings,10/6/2022,55926.67
6375,1628,Savings,10/7/2022,140515.86
6376,1707,Current,10/8/2022,115641.23
6377,1489,Current,10/9/2022,160267.5
6378,1326,Savings,10/10/2022,148329.91
6379,1597,Current,10/11/2022,123971.04
6380,1288,Savings,10/12/2022,100194.65
6381,1592,Current,10/13/2022,30970.51
6382,1663,Current,10/14/2022,55959.94
6383,1572,Current,10/15/2022,86724.4
6384,1572,Savings,10/16/2022,121863.36
6385,1353,Current,10/17/2022,105173.03
6386,1027,Savings,10/18/2022,61195.98
6387,1042,Savings,10/19/2022,6260.55
6388,1680,Current,10/20/2022,101766.65
6389,1422,Current,10/21/2022,60697.07
6390,1597,Savings,10/22/2022,148248.62
6391,1176,Savings,10/23/2022,9669.52
6392,1528,Credit,10/24/2022,119041.42
6393,1609,Savings,10/25/2022,188587.48
6394,1493,Credit,10/26/2022,39009.81
6395,1197,Credit,10/27/2022,96971.65
6396,1609,Credit,10/28/2022,22827.29
6397,1576,Current,10/29/2022,127007.97
6398,1516,Current,10/30/2022,112353.68
6399,1513,Savings,10/31/2022,84436.28
6400,1021,Credit,11/1/2022,106668.52
6401,1111,Current,11/2/2022,179832.06
6402,1056,Current,11/3/2022,43277.39
6403,1065,Current,11/4/2022,9400.08
6404,1097,Current,11/5/2022,173024.65
6405,1143,Current,11/6/2022,117537.83
6406,1434,Credit,11/7/2022,178678.4
6407,1636,Credit,11/8/2022,121404.32
6408,1678,Credit,11/9/2022,162981.41
6409,1085,Credit,11/10/2022,88786.31
6410,1587,Savings,11/11/2022,151222.69
6411,1343,Credit,11/12/2022,183043.09
6412,1293,Current,11/13/2022,116563.98
6413,1570,Credit,11/14/2022,40253.1
6414,1649,Savings,11/15/2022,57415.53
6415,1610,Current,11/16/2022,43735.69
6416,1703,Credit,11/17/2022,53137.12
6417,1242,Credit,11/18/2022,64751.01
6418,1560,Credit,11/19/2022,113251.09
6419,1031,Current,11/20/2022,119658.37
6420,1390,Current,11/21/2022,88167.45
6421,1276,Savings,11/22/2022,125007.05
6422,1531,Current,11/23/2022,20907.11
6423,1153,Current,11/24/2022,22118.71
6424,1382,Credit,11/25/2022,38506.74
6425,1067,Current,11/26/2022,106025.11
6426,1213,Credit,11/27/2022,46728.96
6427,1654,Credit,11/28/2022,60240.46
6428,1375,Current,11/29/2022,83061
6429,1743,Savings,11/30/2022,163313.89
6430,1212,Savings,12/1/2022,7703.12
6431,1078,Current,12/2/2022,131628.87
6432,1725,Savings,12/3/2022,135430.92
6433,1627,Credit,12/4/2022,160737.88
6434,1603,Credit,12/5/2022,186886.82
6435,1781,Current,12/6/2022,8926.88
6436,1380,Savings,12/7/2022,34987.82
6437,1679,Savings,12/8/2022,177803.4
6438,1057,Credit,12/9/2022,94411.12
6439,1795,Current,12/10/2022,115095.17
6440,1025,Savings,12/11/2022,134290.3
6441,1446,Current,12/12/2022,137417.99
6442,1065,Savings,12/13/2022,186689.38
6443,1759,Credit,12/14/2022,199405.14
6444,1253,Credit,12/15/2022,145430.7
6445,1043,Current,12/16/2022,61008.14
6446,1096,Credit,12/17/2022,176551.72
6447,1553,Savings,12/18/2022,14598.08
6448,1226,Credit,12/19/2022,50060.77
6449,1773,Current,12/20/2022,179990.21
6450,1678,Current,12/21/2022,54957.35
6451,1435,Current,12/22/2022,48026.96
6452,1790,Savings,12/23/2022,31934.43
6453,1600,Savings,12/24/2022,172526.79
6454,1378,Savings,12/25/2022,102511.36
6455,1177,Savings,12/26/2022,136604.17
6456,1426,Savings,12/27/2022,51617.94
6457,1708,Credit,12/28/2022,152817.88
6458,1306,Savings,12/29/2022,153201.08
6459,1778,Savings,12/30/2022,65956.61
6460,1503,Credit,12/31/2022,85083.11
6461,1267,Savings,1/1/2023,45889.6
6462,1585,Current,1/2/2023,195429.4
6463,1007,Savings,1/3/2023,130892.5
6464,1507,Savings,1/4/2023,187236.06
6465,1475,Current,1/5/2023,64160.18
6466,1296,Current,1/6/2023,157468.73
6467,1163,Current,1/7/2023,154342.44
6468,1484,Current,1/8/2023,139872.85
6469,1596,Savings,1/9/2023,193299.6
6470,1071,Current,1/10/2023,81743.29
6471,1566,Current,1/11/2023,30489.88
6472,1558,Credit,1/12/2023,135983.23
6473,1237,Current,1/13/2023,147215.41
6474,1103,Current,1/14/2023,117136.81
6475,1209,Credit,1/15/2023,45329.49
6476,1553,Credit,1/16/2023,103368.91
6477,1467,Savings,1/17/2023,65877
6478,1453,Credit,1/18/2023,88355.97
6479,1267,Savings,1/19/2023,130817.62
6480,1385,Credit,1/20/2023,150316.87
6481,1774,Credit,1/21/2023,50283.81
6482,1386,Savings,1/22/2023,84038.45
6483,1258,Credit,1/23/2023,57486.51
6484,1282,Savings,1/24/2023,43733.16
6485,1625,Credit,1/25/2023,157760.51
6486,1039,Current,1/26/2023,182304.28
6487,1485,Credit,1/27/2023,77195.28
6488,1219,Savings,1/28/2023,151499.39
6489,1128,Credit,1/29/2023,179914.08
6490,1519,Savings,1/30/2023,169994.22
6491,1612,Savings,1/31/2023,40648.61
6492,1687,Current,2/1/2023,191476.92
6493,1618,Current,2/2/2023,78451.91
6494,1612,Savings,2/3/2023,71151.93
6495,1259,Credit,2/4/2023,17174.11
6496,1365,Savings,2/5/2023,99803.86
6497,1757,Savings,2/6/2023,26257.66
6498,1786,Credit,2/7/2023,53465.27
6499,1543,Credit,2/8/2023,66803.81
